{
    "colors": {
        "AlternateBase": "#1e1e2e",
        "Base": "#181825",
        "BrightText": "#bac2de",
        "Button": "#313244",
        "ButtonText": "#cdd6f4",
        "Highlight": "#b4befe",
        "HighlightedText": "#1e1e2e",
        "Link": "#b4befe",
        "Text": "#cdd6f4",
        "ToolTipBase": "#dee5fc",
        "ToolTipText": "#dee5fc",
        "Window": "#1e1e2e",
        "WindowText": "#bac2de",
        "fadeAmount": 0.5,
        "fadeColor": "#6c7086"
    },
    "name": "Catppuccin Mocha",
    "widgets": "Fusion"
}
